{
  "accuracy": 0.8583333333333333,
  "precision": {
    "non_erosive": 0.625,
    "erosive": 0.8942307692307693
  },
  "recall": {
    "non_erosive": 0.47619047619047616,
    "erosive": 0.9393939393939394
  },
  "f1": {
    "non_erosive": 0.5405405405405406,
    "erosive": 0.916256157635468
  },
  "macro_f1": 0.7283983490880043,
  "roc_auc": 0.8595478595478595,
  "confusion_matrix": [
    [
      10,
      11
    ],
    [
      6,
      93
    ]
  ],
  "y_true": [
    1.0,
    1.0,
    1.0,
    0.0,
    1.0,
    0.0,
    1.0,
    1.0,
    0.0,
    1.0,
    0.0,
    0.0,
    0.0,
    1.0,
    0.0,
    1.0,
    1.0,
    1.0,
    0.0,
    1.0,
    1.0,
    0.0,
    1.0,
    1.0,
    1.0,
    1.0,
    1.0,
    0.0,
    1.0,
    1.0,
    1.0,
    1.0,
    1.0,
    1.0,
    1.0,
    1.0,
    1.0,
    1.0,
    1.0,
    1.0,
    1.0,
    1.0,
    1.0,
    0.0,
    1.0,
    1.0,
    0.0,
    1.0,
    1.0,
    1.0,
    0.0,
    1.0,
    1.0,
    0.0,
    1.0,
    1.0,
    1.0,
    0.0,
    0.0,
    1.0,
    0.0,
    1.0,
    1.0,
    1.0,
    1.0,
    1.0,
    1.0,
    1.0,
    1.0,
    1.0,
    0.0,
    1.0,
    1.0,
    1.0,
    0.0,
    1.0,
    1.0,
    1.0,
    1.0,
    1.0,
    1.0,
    1.0,
    1.0,
    0.0,
    1.0,
    1.0,
    1.0,
    1.0,
    1.0,
    1.0,
    1.0,
    1.0,
    1.0,
    1.0,
    1.0,
    1.0,
    1.0,
    1.0,
    1.0,
    1.0,
    1.0,
    1.0,
    1.0,
    1.0,
    1.0,
    1.0,
    1.0,
    1.0,
    1.0,
    1.0,
    1.0,
    1.0,
    1.0,
    1.0,
    1.0,
    1.0,
    0.0,
    1.0,
    1.0,
    1.0
  ],
  "y_prob": [
    0.9501343369483948,
    0.960882842540741,
    0.9609183669090271,
    0.6290761232376099,
    0.657852828502655,
    0.22275692224502563,
    0.9254174828529358,
    0.936737060546875,
    0.32701799273490906,
    0.8895241022109985,
    0.7038593292236328,
    0.7321175932884216,
    0.3590241074562073,
    0.9364262819290161,
    0.49100762605667114,
    0.9485327005386353,
    0.9528631567955017,
    0.9613312482833862,
    0.13286055624485016,
    0.5393254160881042,
    0.5148647427558899,
    0.24484024941921234,
    0.861524224281311,
    0.8351401686668396,
    0.5836501717567444,
    0.8454625010490417,
    0.5237739682197571,
    0.6655064225196838,
    0.7370283603668213,
    0.9755292534828186,
    0.8529528379440308,
    0.9649645686149597,
    0.8892276287078857,
    0.9494548439979553,
    0.7010565996170044,
    0.9122528433799744,
    0.8909726142883301,
    0.9256970286369324,
    0.941088855266571,
    0.7875106334686279,
    0.817315399646759,
    0.8978716135025024,
    0.8921442031860352,
    0.6586399078369141,
    0.2973121106624603,
    0.8708954453468323,
    0.4541356861591339,
    0.9713780283927917,
    0.14908625185489655,
    0.8422501683235168,
    0.5029566287994385,
    0.8163697123527527,
    0.6834022402763367,
    0.8611624240875244,
    0.9253051280975342,
    0.9258178472518921,
    0.9451161623001099,
    0.8672882318496704,
    0.1745305061340332,
    0.9044257998466492,
    0.42761650681495667,
    0.9471225142478943,
    0.8578034043312073,
    0.9176780581474304,
    0.9417718052864075,
    0.9344232082366943,
    0.9538707137107849,
    0.9500318169593811,
    0.9452511668205261,
    0.9714266061782837,
    0.8992569446563721,
    0.9382720589637756,
    0.6060469746589661,
    0.6212973594665527,
    0.5952707529067993,
    0.5276684761047363,
    0.5691154599189758,
    0.8471181392669678,
    0.6073657870292664,
    0.6812012791633606,
    0.8980315327644348,
    0.765803337097168,
    0.7308876514434814,
    0.6066927909851074,
    0.8167775273323059,
    0.6213259100914001,
    0.9322879910469055,
    0.9052641987800598,
    0.9214306473731995,
    0.45391151309013367,
    0.8950278162956238,
    0.9378213882446289,
    0.9065303802490234,
    0.8231111168861389,
    0.9655859470367432,
    0.8147358894348145,
    0.2966368496417999,
    0.9388068318367004,
    0.9337142109870911,
    0.9479019641876221,
    0.9280070066452026,
    0.7917556166648865,
    0.7785602807998657,
    0.8145048022270203,
    0.857691764831543,
    0.954621434211731,
    0.25153136253356934,
    0.971872866153717,
    0.9576452970504761,
    0.7374398708343506,
    0.9465962052345276,
    0.9414178133010864,
    0.7863227725028992,
    0.698918342590332,
    0.9815764427185059,
    0.8767039179801941,
    0.481700599193573,
    0.9606660604476929,
    0.9188450574874878,
    0.4855954051017761
  ]
}