{
  "accuracy": 0.8,
  "precision": {
    "non_erosive": 0.45161290322580644,
    "erosive": 0.9213483146067416
  },
  "recall": {
    "non_erosive": 0.6666666666666666,
    "erosive": 0.8282828282828283
  },
  "f1": {
    "non_erosive": 0.5384615384615384,
    "erosive": 0.8723404255319149
  },
  "macro_f1": 0.7054009819967266,
  "roc_auc": 0.8379028379028379,
  "confusion_matrix": [
    [
      14,
      7
    ],
    [
      17,
      82
    ]
  ],
  "y_true": [
    1.0,
    1.0,
    1.0,
    0.0,
    1.0,
    0.0,
    1.0,
    1.0,
    0.0,
    1.0,
    0.0,
    0.0,
    0.0,
    1.0,
    0.0,
    1.0,
    1.0,
    1.0,
    0.0,
    1.0,
    1.0,
    0.0,
    1.0,
    1.0,
    1.0,
    1.0,
    1.0,
    0.0,
    1.0,
    1.0,
    1.0,
    1.0,
    1.0,
    1.0,
    1.0,
    1.0,
    1.0,
    1.0,
    1.0,
    1.0,
    1.0,
    1.0,
    1.0,
    0.0,
    1.0,
    1.0,
    0.0,
    1.0,
    1.0,
    1.0,
    0.0,
    1.0,
    1.0,
    0.0,
    1.0,
    1.0,
    1.0,
    0.0,
    0.0,
    1.0,
    0.0,
    1.0,
    1.0,
    1.0,
    1.0,
    1.0,
    1.0,
    1.0,
    1.0,
    1.0,
    0.0,
    1.0,
    1.0,
    1.0,
    0.0,
    1.0,
    1.0,
    1.0,
    1.0,
    1.0,
    1.0,
    1.0,
    1.0,
    0.0,
    1.0,
    1.0,
    1.0,
    1.0,
    1.0,
    1.0,
    1.0,
    1.0,
    1.0,
    1.0,
    1.0,
    1.0,
    1.0,
    1.0,
    1.0,
    1.0,
    1.0,
    1.0,
    1.0,
    1.0,
    1.0,
    1.0,
    1.0,
    1.0,
    1.0,
    1.0,
    1.0,
    1.0,
    1.0,
    1.0,
    1.0,
    1.0,
    0.0,
    1.0,
    1.0,
    1.0
  ],
  "y_prob": [
    0.8141012191772461,
    0.9279413223266602,
    0.9283189177513123,
    0.1953618973493576,
    0.4801524877548218,
    0.2616954743862152,
    0.9377138614654541,
    0.9425690174102783,
    0.4731546640396118,
    0.9413959383964539,
    0.412455290555954,
    0.5161059498786926,
    0.7476291060447693,
    0.943321168422699,
    0.2274211198091507,
    0.9415282607078552,
    0.4511411190032959,
    0.9333174824714661,
    0.7914358377456665,
    0.6215163469314575,
    0.619816243648529,
    0.23736940324306488,
    0.8447588086128235,
    0.7771234512329102,
    0.517983615398407,
    0.8505637645721436,
    0.850600004196167,
    0.47769996523857117,
    0.2534613311290741,
    0.942677915096283,
    0.7521843910217285,
    0.841995120048523,
    0.4476989209651947,
    0.9273771047592163,
    0.3880367577075958,
    0.8314182162284851,
    0.9315332770347595,
    0.9286022186279297,
    0.48995909094810486,
    0.9356825351715088,
    0.21527069807052612,
    0.9107025861740112,
    0.9206461310386658,
    0.19294629991054535,
    0.2246701717376709,
    0.8923619389533997,
    0.3195405900478363,
    0.9315244555473328,
    0.6060798168182373,
    0.4857102334499359,
    0.1998504102230072,
    0.896082878112793,
    0.9194025993347168,
    0.503932774066925,
    0.17610767483711243,
    0.8525481820106506,
    0.9426548480987549,
    0.49869224429130554,
    0.292929470539093,
    0.4407505989074707,
    0.3274230360984802,
    0.9210625886917114,
    0.812734067440033,
    0.9158607721328735,
    0.9413011074066162,
    0.8777443766593933,
    0.9141502380371094,
    0.9425255060195923,
    0.8171880841255188,
    0.9190385341644287,
    0.9338212609291077,
    0.9335356950759888,
    0.6937815546989441,
    0.3839244842529297,
    0.2110547572374344,
    0.2113582342863083,
    0.6092514395713806,
    0.9253839254379272,
    0.6885400414466858,
    0.9221575260162354,
    0.941889762878418,
    0.9363323450088501,
    0.9236744046211243,
    0.5707046389579773,
    0.8493984341621399,
    0.6358290910720825,
    0.6318269968032837,
    0.9241757988929749,
    0.9319770336151123,
    0.8811472058296204,
    0.9433451294898987,
    0.8952869772911072,
    0.9377723336219788,
    0.939588725566864,
    0.9293822646141052,
    0.7725119590759277,
    0.15753930807113647,
    0.8727254271507263,
    0.5214217901229858,
    0.8952197432518005,
    0.9204491376876831,
    0.3776009976863861,
    0.7020561695098877,
    0.926825761795044,
    0.1932663768529892,
    0.9077203869819641,
    0.170150026679039,
    0.9236767888069153,
    0.9428418278694153,
    0.8767844438552856,
    0.9409888386726379,
    0.9278429746627808,
    0.9312345385551453,
    0.8730278611183167,
    0.8848330974578857,
    0.8405344486236572,
    0.6268332004547119,
    0.794036328792572,
    0.9333041906356812,
    0.6241698265075684
  ]
}