{
  "accuracy": 0.825,
  "precision": {
    "non_erosive": 0.5,
    "erosive": 0.89
  },
  "recall": {
    "non_erosive": 0.47619047619047616,
    "erosive": 0.898989898989899
  },
  "f1": {
    "non_erosive": 0.4878048780487805,
    "erosive": 0.8944723618090452
  },
  "macro_f1": 0.6911386199289129,
  "roc_auc": 0.8364598364598365,
  "confusion_matrix": [
    [
      10,
      11
    ],
    [
      10,
      89
    ]
  ],
  "y_true": [
    1.0,
    1.0,
    1.0,
    0.0,
    1.0,
    0.0,
    1.0,
    1.0,
    0.0,
    1.0,
    0.0,
    0.0,
    0.0,
    1.0,
    0.0,
    1.0,
    1.0,
    1.0,
    0.0,
    1.0,
    1.0,
    0.0,
    1.0,
    1.0,
    1.0,
    1.0,
    1.0,
    0.0,
    1.0,
    1.0,
    1.0,
    1.0,
    1.0,
    1.0,
    1.0,
    1.0,
    1.0,
    1.0,
    1.0,
    1.0,
    1.0,
    1.0,
    1.0,
    0.0,
    1.0,
    1.0,
    0.0,
    1.0,
    1.0,
    1.0,
    0.0,
    1.0,
    1.0,
    0.0,
    1.0,
    1.0,
    1.0,
    0.0,
    0.0,
    1.0,
    0.0,
    1.0,
    1.0,
    1.0,
    1.0,
    1.0,
    1.0,
    1.0,
    1.0,
    1.0,
    0.0,
    1.0,
    1.0,
    1.0,
    0.0,
    1.0,
    1.0,
    1.0,
    1.0,
    1.0,
    1.0,
    1.0,
    1.0,
    0.0,
    1.0,
    1.0,
    1.0,
    1.0,
    1.0,
    1.0,
    1.0,
    1.0,
    1.0,
    1.0,
    1.0,
    1.0,
    1.0,
    1.0,
    1.0,
    1.0,
    1.0,
    1.0,
    1.0,
    1.0,
    1.0,
    1.0,
    1.0,
    1.0,
    1.0,
    1.0,
    1.0,
    1.0,
    1.0,
    1.0,
    1.0,
    1.0,
    0.0,
    1.0,
    1.0,
    1.0
  ],
  "y_prob": [
    0.8717190027236938,
    0.9609581232070923,
    0.9884645342826843,
    0.32797637581825256,
    0.9765690565109253,
    0.1592920571565628,
    0.9736653566360474,
    0.991449773311615,
    0.22503681480884552,
    0.85201096534729,
    0.41945093870162964,
    0.975269615650177,
    0.8341279029846191,
    0.9073953628540039,
    0.55406653881073,
    0.9683892726898193,
    0.9960177540779114,
    0.9993910789489746,
    0.048994023352861404,
    0.20025554299354553,
    0.7604642510414124,
    0.03522296994924545,
    0.8772558569908142,
    0.6534713506698608,
    0.5598838925361633,
    0.944199800491333,
    0.640914797782898,
    0.950456976890564,
    0.7929352521896362,
    0.994010329246521,
    0.6618567705154419,
    0.9963358640670776,
    0.9893827438354492,
    0.988078773021698,
    0.795182466506958,
    0.851633608341217,
    0.992300271987915,
    0.9661881923675537,
    0.24448856711387634,
    0.8975266218185425,
    0.906752347946167,
    0.8983228802680969,
    0.9954053163528442,
    0.7554307579994202,
    0.5765408873558044,
    0.9678184390068054,
    0.7391973733901978,
    0.9985207915306091,
    0.3470914661884308,
    0.4877701699733734,
    0.1466158926486969,
    0.7622103095054626,
    0.7751936316490173,
    0.7686126232147217,
    0.9546067714691162,
    0.9206108450889587,
    0.9852104783058167,
    0.8878974318504333,
    0.17705360054969788,
    0.9573097825050354,
    0.6242946982383728,
    0.9955129027366638,
    0.910661518573761,
    0.9915564060211182,
    0.9967933297157288,
    0.9671490788459778,
    0.9914455413818359,
    0.9931480288505554,
    0.9883725047111511,
    0.9701073169708252,
    0.9125110507011414,
    0.9877302050590515,
    0.6078199148178101,
    0.22555769979953766,
    0.25393787026405334,
    0.8304941654205322,
    0.3066667318344116,
    0.9028435945510864,
    0.29305389523506165,
    0.9869165420532227,
    0.9709179997444153,
    0.8621958494186401,
    0.7916620373725891,
    0.6520235538482666,
    0.9911898374557495,
    0.9108595848083496,
    0.9882160425186157,
    0.8505718111991882,
    0.7894712686538696,
    0.21307899057865143,
    0.9839730262756348,
    0.983732283115387,
    0.9775059223175049,
    0.9879384636878967,
    0.99787437915802,
    0.2886720895767212,
    0.6296698451042175,
    0.6749609708786011,
    0.9875895977020264,
    0.9910430908203125,
    0.9967939257621765,
    0.9112313389778137,
    0.9919441938400269,
    0.9916464686393738,
    0.9084720015525818,
    0.9779694080352783,
    0.8724304437637329,
    0.9920122027397156,
    0.9482496380805969,
    0.9883285760879517,
    0.9683542847633362,
    0.9677894115447998,
    0.9175688624382019,
    0.9523937702178955,
    0.9617915153503418,
    0.7566120624542236,
    0.10411079972982407,
    0.8218233585357666,
    0.9996473789215088,
    0.13420875370502472
  ]
}