{
  "best_model": "ann",
  "comparison": {
    "xgboost": {
      "cv_accuracy": 0.8806997043783957,
      "cv_std": 0.008153167072218807,
      "cv_f1_seropositive": 0.9490232323369472,
      "cv_f1_healthy": 0.7292360639954222,
      "test_accuracy": 0.9032761310452418,
      "fold_accuracies": [
        0.875,
        0.8883928571428571,
        0.8727678571428571,
        0.8747203579418344,
        0.8926174496644296
      ]
    },
    "catboost": {
      "cv_accuracy": 0.8873961329498241,
      "cv_std": 0.014053097849287623,
      "cv_f1_seropositive": 0.9556024914860741,
      "cv_f1_healthy": 0.6924128229892805,
      "test_accuracy": 0.9048361934477379,
      "fold_accuracies": [
        0.875,
        0.9107142857142857,
        0.8839285714285714,
        0.87248322147651,
        0.8948545861297539
      ]
    },
    "ann": {
      "cv_accuracy": 0.8891878395653563,
      "cv_std": 0.002223261590050819,
      "cv_f1_seropositive": 0.9659441552704013,
      "cv_f1_healthy": 0.6818389463207399,
      "test_accuracy": 0.9126365054602185,
      "fold_accuracies": [
        0.890625,
        0.8861607142857143,
        0.8883928571428571,
        0.8926174496644296,
        0.8881431767337807
      ]
    }
  },
  "scores": {
    "xgboost": 0.9125621844966243,
    "catboost": 0.9111043044212862,
    "ann": 0.9163808830352815
  }
}